tweet_id	date	retweet	Additive Manufacturing	Artificial Intelligence	CryptoCurrencies	Computing Infrastructure	Digital Health	Internet of Things	Quantum Computing	Robotics	Autonomous Vehicles	Hashtags	lat	lon	Country	Sentiment Score	Sentiment	anger	anticipation	disgust	fear	joy	negative	positive	sadness	surprise	trust	URLs	followers	friends	statuses
1	Mon Oct 15 15:30:32 +0000 2018	0	0	1	0	0	0	0	0	0	0	#quantumcomputer;#Quantum;#quantum	Null	Null	Kerry, Ireland	-0.1531	NEG	0.0	0.0	0.0	0.2	0.0	0.2	0.2	0.2	0.0	0.0	http://ow.ly/dyvC30meybe	253	537	2904
2	Mon Oct 15 14:42:51 +0000 2018	0	0	1	0	0	0	0	0	0	0	#quantumcomputer;#Quantum;#quantum	Null	Null	Rome, Italy	0.0	NEU	0	0	0	0	0	0	0	0	0	0	http://bit.ly/2yAF8qg	429	167	5035
3	Mon Oct 15 12:50:03 +0000 2018	1	0	1	0	0	0	1	0	0	0	#Quantumcomputing;#quantumcomputing;#Quantum;#QuantumComputing;#quantum;Artificial	Null	Null		0.0	NEU	0.0	0.0	0.0	0.0	0.0	0.0	0.0	0.0	0.0	0.0	None	6631	6314	30313
4	Mon Oct 15 03:12:52 +0000 2018	1	0	0	0	0	0	0	0	0	0		Null	Null	IG @1only1queen	0.0	NEU	0.0	0.2	0.0	0.0	0.0	0.0	0.2	0.0	0.0	0.0	https://buff.ly/2RsO0a9	2351	1081	152077
5	Sun Oct 14 22:13:12 +0000 2018	1	0	1	0	0	0	1	0	1	1	#quantumcomputer;#Quantum;#quantum;#ai;#AI;Artificial;#AI;#Fintech;#fintech;#Robots;#robot	Null	Null	Bad Wildbad, Deutschland	0.0	NEU	0.0	0.0	0.0	0.0	0.0	0.0	0.0	0.0	0.0	0.0	None	5324	3010	129611
6	Sun Oct 14 22:03:13 +0000 2018	1	0	1	0	0	0	1	0	1	1	#quantumcomputer;#Quantum;#quantum;#ai;#AI;Artificial;#AI;#Fintech;#fintech;#Robots;#robot	Null	Null		0.0	NEU	0.0	0.0	0.0	0.0	0.0	0.0	0.0	0.0	0.0	0.0	None	39667	7396	38888
7	Sun Oct 14 20:49:02 +0000 2018	1	0	1	0	0	0	1	0	1	1	#quantumcomputer;#Quantum;#quantum;#ai;#AI;Artificial;#AI;#Fintech;#fintech;#Robots;#robot	Null	Null		0.0	NEU	0.0	0.0	0.0	0.0	0.0	0.0	0.0	0.0	0.0	0.0	None	1338	2563	45163
8	Sun Oct 14 11:00:46 +0000 2018	1	0	1	0	0	0	1	0	1	1	#quantumcomputer;#Quantum;#quantum;#ai;#AI;Artificial;#AI;#Fintech;#fintech;#Robots;#robot	Null	Null	India	0.0	NEU	0.0	0.0	0.0	0.0	0.0	0.0	0.0	0.0	0.0	0.0	None	2023	1213	141133
9	Sun Oct 14 03:35:03 +0000 2018	1	0	1	0	0	0	1	0	1	1	#quantumcomputer;#Quantum;#quantum;#ai;#AI;Artificial;#AI;#Fintech;#fintech;#Robots;#robot	Null	Null		0.0	NEU	0.0	0.0	0.0	0.0	0.0	0.0	0.0	0.0	0.0	0.0	None	5773	5633	206437
10	Sun Oct 14 03:33:02 +0000 2018	0	0	1	0	0	0	1	0	1	1	#quantumcomputer;#Quantum;#quantum;#ai;#BigData;#AI;Artificial;#AI;#Fintech;#fintech;#Robots;#robot	Null	Null		0.0	NEU	0.0	0.0	0.0	0.0	0.0	0.0	0.0	0.0	0.0	0.0	http://bit.ly/2NDS1FJ	39667	7396	38888
11	Sat Oct 13 12:06:40 +0000 2018	0	0	1	0	0	0	1	0	0	0	#quantumcomputer;#Quantumcomputing;#quantumcomputing;#Quantum;#QuantumComputing;#quantum;Artificial	Null	Null	San Francisco, CA	0.6114	POS	0.0	0.16666666666666666	0.0	0.0	0.3333333333333333	0.0	0.3333333333333333	0.0	0.0	0.0	https://www.digitaltrends.com/cool-tech/artificial-life-quantum-computing/	4419	3553	2666
12	Fri Oct 12 16:05:08 +0000 2018	0	0	1	0	0	0	0	0	0	0	#quantumcomputer;#Quantum;#quantum	Null	Null		0.0	NEU	0.0	0.0	0.0	0.0	0.16666666666666666	0.16666666666666666	0.16666666666666666	0.0	0.0	0.0	http://nist.gov/news-events/ne	2405	596	2092
13	Fri Oct 12 09:22:02 +0000 2018	0	0	1	0	0	0	0	0	0	0	#quantumcomputer;#Quantumcomputing;#quantumcomputing;#Quantum;#QuantumComputing;#quantum	Null	Null	France	0.0	NEU	0.0	0.0	0.0	0.0	0.0	0.0	0.0	0.0	0.0	0.0	https://arxiv.org/abs/1810.02289	133	78	1626
14	Fri Oct 12 05:07:31 +0000 2018	1	0	1	0	0	0	1	0	0	0	#quantumcomputer;#Quantum;#quantum;#artificialintelligence;#ArtificialIntelligence;Artificial;ArtificialIntelligence	Null	Null	Dehradun, India	0.1027	POS	0.0	0.0	0.0	0.0	0.0	0.0	0.0	0.0	0.0	0.0	None	1516	1004	27475
15	Fri Oct 12 03:35:02 +0000 2018	0	0	1	0	0	0	0	0	0	0	#quantumcomputer;#Quantum;#quantum	Null	Null		0.4919	POS	0.0	0.0	0.0	0.1111111111111111	0.1111111111111111	0.0	0.1111111111111111	0.0	0.0	0.0	https://buff.ly/2yz5OIc	531	1686	2367
16	Fri Oct 12 02:46:53 +0000 2018	1	0	0	0	0	0	0	0	0	0		Null	Null	São Paulo, Brasil	0.0	NEU	0.0	0.0	0.0	0.0	0.3333333333333333	0.3333333333333333	0.3333333333333333	0.0	0.0	0.0	None	160	1714	135
17	Mon Oct 15 20:42:21 +0000 2018	1	0	0	0	0	0	1	1	0	0	#ai;#AI;#AI;#Digitalhealth;#DigitalHealth;digitalhealth	Null	Null	Cologne, Germany	0.4019	POS	0.0	0.0	0.0	0.0	0.0	0.0	0.0	0.0	0.0	0.0	None	873	839	11935
18	Fri Oct 12 02:40:48 +0000 2018	0	0	1	0	0	0	0	0	0	0	#quantumcomputer;#Quantum;#quantum	Null	Null	Toronto, Ontario	0.4919	POS	0.0	0.0	0.0	0.08333333333333333	0.08333333333333333	0.0	0.08333333333333333	0.0	0.0	0.0	None	1147	4904	1203
19	Thu Oct 11 20:31:34 +0000 2018	0	0	1	0	0	0	1	0	0	0	#quantumcomputer;#Quantum;#quantum;#Machinelearning;#artificialintelligence;#ai;#MachineLearning;#ArtificialIntelligence;#AI;Artificial;MachineLearning;ArtificialIntelligence;#AI	Null	Null	UK-Portugal-Europe-World	0.0	NEU	0	0	0	0	0	0	0	0	0	0	http://shr.gs/KzF2Rtf	620	915	23357
20	Mon Oct 15 20:41:32 +0000 2018	0	0	0	0	0	0	0	1	0	0	#Digitalhealth;#DigitalHealth;digitalhealth	Null	Null	07945	0.6705	POS	0.0	0.16666666666666666	0.0	0.16666666666666666	0.0	0.0	0.0	0.0	0.0	0.0	https://www.cnbc.com/2018/10/15/apple-and-zimmer-biomet-bring-apple-watch-to-people-getting-new-knees.html?__source=sharebar%7Ctwitter&par=sharebar	52533	43134	88290
21	Thu Oct 11 20:07:12 +0000 2018	0	0	1	0	0	0	0	0	0	0	#quantumcomputer;#Quantum;#quantum	Null	Null	Kenya	0.0	NEU	0.0	0.0	0.0	0.5	0.0	0.5	0.25	0.0	0.0	0.0	None	713	698	3204
22	Mon Oct 15 20:40:37 +0000 2018	1	0	0	0	0	0	0	1	0	0	#Digitalhealth;#DigitalHealth;#healthcare;digitalhealth	Null	Null	Boston, MA	0.0	NEU	0.0	0.0	0.0	0.0	0.0	0.0	0.0	0.0	0.0	0.0	None	529	8	30858
23	Thu Oct 11 20:00:38 +0000 2018	0	0	1	0	0	0	0	0	0	0	#quantumcomputer;#Quantum;#quantum	Null	Null	Shanghai, China	0.0	NEU	0.0	0.0	0.0	0.5	0.0	0.5	0.25	0.0	0.0	0.0	None	142241	120810	152918
24	Mon Oct 15 20:40:42 +0000 2018	0	0	0	0	0	0	0	0	0	0		Null	Null	Boston, Massachusetts	0.75	POS	0.0	0.0	0.0	0.0	0.0	0.0	0.3333333333333333	0.0	0.0	0.0	https://twitter.com/CosmoMacero/status/1051931887441256448	638	627	1581
25	Thu Oct 11 17:42:12 +0000 2018	0	0	1	0	0	0	0	0	0	0	#quantumcomputer;#Quantum;#quantum	Null	Null	Antwerp, Belgium	0.3971	POS	0.0	0.0	0.0	0.0	0.0	0.0	0.0	0.0	0.0	0.0	None	2439	2465	16786
26	Mon Oct 15 20:40:09 +0000 2018	0	0	0	0	0	0	0	1	0	0	#healthtech;#Digitalhealth;#DigitalHealth;digitalhealth	Null	Null	California, USA	-0.2263	NEG	0.16666666666666666	0.16666666666666666	0.16666666666666666	0.16666666666666666	0.0	0.3333333333333333	0.5	0.16666666666666666	0.16666666666666666	0.16666666666666666	http://ow.ly/EmVc30mf56B	1038	1334	779
27	Thu Oct 11 15:35:10 +0000 2018	0	0	1	0	0	0	0	0	0	0	#quantumcomputer;#Quantum;#quantum	Null	Null	ident.me	0.0	NEU	0.18181818181818182	0.0	0.0	0.18181818181818182	0.0	0.18181818181818182	0.0	0.09090909090909091	0.18181818181818182	0.18181818181818182	https://www.digitaltrends.com/computing/quantum-xchanges-john-prisco/	2412	2289	26929
28	Mon Oct 15 20:38:35 +0000 2018	1	0	0	0	0	0	0	0	0	0		Null	Null	Barcelona	-0.3595	NEG	0.0	0.0	0.0	0.0	0.0	0.0	0.0	0.0	0.0	0.0	None	601	949	386
29	Mon Oct 15 20:32:33 +0000 2018	0	0	0	0	0	0	0	0	0	0		Null	Null	Santa Clara, CA	0.25	POS	0.2	0.4	0.2	0.4	0.0	0.2	0.4	0.2	0.0	0.0	https://www.prnewswire.com/news-releases/body-vision-medical-announces-8-5-million-in-funding-300706167.html	382	1099	1660
30	Mon Oct 15 20:39:54 +0000 2018	1	0	0	0	0	0	0	1	0	0	#Digitalhealth;#DigitalHealth;#healthcare;digitalhealth	Null	Null		0.0	NEU	0.0	0.0	0.0	0.0	0.0	0.0	0.0	0.0	0.0	0.0	None	1327	52	46900
31	Thu Oct 11 15:17:40 +0000 2018	0	0	1	0	0	0	0	0	0	0	#quantumcomputer;#Quantum;#quantum	Null	Null	París, Francia	0.7579	POS	0.0	0.1	0.0	0.0	0.0	0.0	0.4	0.0	0.0	0.0	http://bit.ly/Attend_ILS	50	187	12
32	Mon Oct 15 20:26:56 +0000 2018	1	0	0	0	0	0	0	0	0	0		Null	Null	Australia	0.4404	POS	0.0	0.0	0.0	0.0	0.0	0.0	0.8	0.0	0.0	0.0	None	149	1904	158
33	Mon Oct 15 20:38:44 +0000 2018	1	0	0	0	0	0	0	0	0	0		Null	Null	Global	0.0	NEU	0.0	0.0	0.0	0.0	0.0	0.0	0.0	0.0	0.0	0.0	None	6693	742	2637
34	Thu Oct 11 12:36:27 +0000 2018	1	0	1	0	0	0	0	0	0	0	#Quantum;#quantum	Null	Null	Paris, France	0.0	NEU	0.0	0.0	0.0	0.0	0.0	0.0	0.0	0.0	0.0	0.0	https://ift.tt/2PsMCD8	4186	936	28358
35	Mon Oct 15 20:25:23 +0000 2018	1	0	0	0	0	0	0	0	0	0		Null	Null	España	-0.3595	NEG	0.0	0.0	0.0	0.0	0.0	0.0	0.0	0.0	0.0	0.0	None	2191	698	2979
36	Thu Oct 11 11:58:11 +0000 2018	0	0	1	0	0	0	0	0	0	0	#quantumcomputer;#Quantumcomputing;#quantumcomputing;#Quantum;#QuantumComputing;#quantum	Null	Null	France	0.0	NEU	0.0	0.2	0.0	0.0	0.0	0.0	0.0	0.0	0.0	0.0	https://ift.tt/2EmC3k6	133	78	1626
37	Thu Oct 11 11:34:52 +0000 2018	0	0	1	0	0	0	0	0	0	0	#quantumcomputer;#Quantumcomputing;#quantumcomputing;#Quantum;#QuantumComputing;#quantum	Null	Null	France	0.0	NEU	0.0	0.0	0.0	0.0	0.0	0.0	0.0	0.0	0.0	0.0	https://ift.tt/2PsMCD8	133	78	1626
38	Mon Oct 15 20:24:49 +0000 2018	1	0	0	0	0	0	0	0	0	0		Null	Null		0.4404	POS	0.0	0.0	0.0	0.0	0.0	0.0	0.0	0.0	0.0	0.0	None	1760	592	2402
39	Mon Oct 15 20:38:08 +0000 2018	1	0	0	0	0	0	0	0	0	0		Null	Null		0.7506	POS	0.0	0.3333333333333333	0.0	0.0	0.0	0.3333333333333333	0.0	0.3333333333333333	0.0	0.0	https://bit.ly/2nPWZ7M	506	475	1787
40	Thu Oct 11 07:00:40 +0000 2018	0	0	1	0	0	0	0	0	0	0	#quantumcomputer;#Quantumcomputing;#quantumcomputing;#Quantum;#QuantumComputing;#quantum	Null	Null	France	0.4404	POS	0.0	0.3333333333333333	0.0	0.0	0.3333333333333333	0.0	0.3333333333333333	0.0	0.0	0.0	https://ift.tt/2OSGiaM	133	78	1626
41	Mon Oct 15 20:24:38 +0000 2018	1	0	0	0	0	0	0	0	0	0		Null	Null		-0.3595	NEG	0.0	0.0	0.0	0.0	0.0	0.0	0.0	0.0	0.0	0.0	None	348	630	1097
42	Mon Oct 15 20:23:17 +0000 2018	1	0	0	0	0	0	0	0	0	0		Null	Null		0.8126	POS	0.0	0.0	0.0	0.0	0.16666666666666666	0.0	0.6666666666666666	0.0	0.0	0.0	None	3050	4477	8369
43	Thu Oct 11 06:04:01 +0000 2018	1	0	0	0	0	0	0	0	0	0		Null	Null	@Trading_365	0.0	NEU	0.0	0.2	0.0	0.0	0.0	0.0	0.2	0.0	0.0	0.0	https://buff.ly/2RsO0a9	5711	6215	121842
44	Mon Oct 15 20:37:55 +0000 2018	1	0	0	0	0	0	0	1	0	0	#Digitalhealth;#healthIT;#DigitalHealth;digitalhealth	Null	Null	Global	0.0	NEU	0.0	0.0	0.0	0.0	0.0	0.0	0.0	0.0	0.0	0.0	https://mailchi.mp/pulseitmagazine/16october2018	4154	123	213926
45	Mon Oct 15 20:12:36 +0000 2018	1	0	0	0	0	0	0	0	1	0	Blockchain	Null	Null		0.7574	POS	0.0	0.5	0.0	0.0	0.5	0.0	0.5	0.0	0.5	0.5	None	191	326	1289
46	Mon Oct 15 20:24:24 +0000 2018	1	0	0	0	0	0	0	0	0	0		Null	Null	Cataluña, España	-0.3595	NEG	0.0	0.0	0.0	0.0	0.0	0.0	0.0	0.0	0.0	0.0	None	504	479	2711
47	Mon Oct 15 20:24:14 +0000 2018	0	0	0	0	0	0	0	1	0	0	#healthcare	Null	Null	Barcelona	-0.3595	NEG	0.0	0.0	0.0	0.0	0.0	0.0	0.0	0.0	0.0	0.0	https://lnkd.in/dwXK66M	2153	1191	8396
48	Mon Oct 15 20:37:00 +0000 2018	0	0	0	0	0	0	0	1	0	0	#Digitalhealth;#DigitalHealth;digitalhealth	Null	Null	Cranbury, NJ	0.5423	POS	0.0	0.0	0.0	0.125	0.0	0.125	0.625	0.125	0.0	0.0	https://www.hcanews.com/news/podcast-is-anyone-obligated-to-incite-healthcare-innovation	1865	288	17861
49	Mon Oct 15 20:00:33 +0000 2018	0	0	0	0	0	0	0	0	1	0	#blockchains;#blockchain;#Blockchain;Blockchain;#Blockchain	Null	Null	Nevada	0.4215	POS	0.0	0.0	0.0	0.0	0.0	0.0	1.0	0.0	0.0	0.0	http://buz.to/hFnSip	1172	1455	2476
50	Thu Oct 11 05:21:48 +0000 2018	0	0	1	0	0	0	1	0	0	0	#quantumcomputer;#Quantum;#quantum;#Machinelearning;#artificialintelligence;#MachineLearning;#ArtificialIntelligence;Artificial;MachineLearning;ArtificialIntelligence	Null	Null	San Francisco, CA	0.1027	POS	0.0	0.0	0.0	0.0	0.0	0.0	0.0	0.0	0.0	0.0	https://medium.com/the-physics-arxiv-blog/first-demonstration-of-artificial-intelligence-on-a-quantum-computer-17a6b9d1c5fb	4419	3553	2666
51	Mon Oct 15 20:23:51 +0000 2018	0	0	0	0	0	0	0	0	0	0		Null	Null	Tallahassee, FL	0.0	NEU	0.0	0.1	0.0	0.1	0.0	0.1	0.0	0.1	0.0	0.0	https://scentevidencek9.com/2018/10/tennessee-bureau-of-investigation-conference-2018/	56	66	246
52	Mon Oct 15 20:23:25 +0000 2018	0	0	0	0	0	0	0	1	0	0	#healthIT;#healthcare	Null	Null	Republic of the Philippines	0.0	NEU	0.0	0.0	0.0	0.0	0.0	0.0	0.0	0.0	0.0	0.0	https://bit.ly/2IZ69sj	1795	1155	120362
53	Mon Oct 15 19:57:36 +0000 2018	0	0	0	0	0	0	0	0	1	0	#blockchains;#Crypto;#cryptocurrencies;#crypto;#blockchain;#Blockchain;Blockchain;#Blockchain;Cryptocurrencies	Null	Null	Mohali, India	0.5423	POS	0.125	0.25	0.125	0.125	0.125	0.0	0.5	0.0	0.0	0.0	https://mixin.one/snapshots	114	818	320
54	Thu Oct 11 05:10:35 +0000 2018	1	0	0	0	0	0	0	0	0	0		Null	Null	@startup365_fr	0.0	NEU	0.0	0.2	0.0	0.0	0.0	0.0	0.2	0.0	0.0	0.0	https://buff.ly/2RsO0a9	2819	4847	13338
55	Mon Oct 15 20:34:59 +0000 2018	0	0	0	0	0	0	0	1	0	0	#Digitalhealth;#DigitalHealth;digitalhealth	Null	Null	Berlin, Germany	0.7003	POS	0.0	1.0	0.0	0.0	0.5	0.0	0.5	0.0	0.5	0.5	https://rockhealth.com/introducing-our-newest-digital-health-investments/	8482	2018	36164
56	Mon Oct 15 19:57:25 +0000 2018	0	0	0	0	0	0	0	0	1	0	#blockchains;#Crypto;#cryptocurrencies;#crypto;#blockchain;#Blockchain;Blockchain;#Blockchain;Cryptocurrencies	Null	Null	Mohali, India	0.5423	POS	0.125	0.25	0.125	0.125	0.125	0.0	0.5	0.0	0.0	0.0	https://mixin.one/snapshots	1335	1406	1757
57	Mon Oct 15 20:22:45 +0000 2018	1	0	0	0	0	0	0	0	0	0		Null	Null	Global	-0.3595	NEG	0.0	0.0	0.0	0.0	0.0	0.0	0.0	0.0	0.0	0.0	None	4154	123	213926
58	Thu Oct 11 05:05:28 +0000 2018	1	0	0	0	0	0	0	0	0	0		Null	Null	Barcelona	0.0	NEU	0.0	0.2	0.0	0.0	0.0	0.0	0.2	0.0	0.0	0.0	https://buff.ly/2RsO0a9	6157	6419	14145
59	Mon Oct 15 20:34:11 +0000 2018	0	1	0	0	0	0	1	1	0	1	#IoT;IoT;#IOT;#IoT;#IOT;#Machinelearning;#DeepLearning;#DataScience;#ai;#MachineLearning;#BigData;#AI;MachineLearning;#AI;#healthtech;#Digitalhealth;#DigitalHealth;#healthcare;digitalhealth;#Robotics;#robotics;#robot;robotics	Null	Null	Jacksonville Beach, FL	0.0	NEU	0.0	0.0	0.0	0.0	0.0	0.0	0.0	0.0	0.0	0.0	http://bit.ly/2J1nL9s	4226	4410	7424
60	Mon Oct 15 19:56:32 +0000 2018	1	0	0	0	0	0	0	0	1	0	#blockchains;#blockchain;#Blockchain;Blockchain;#Blockchain	Null	Null		0.3182	POS	0.0	0.0	0.0	0.0	0.0	0.0	0.3333333333333333	0.0	0.0	0.0	None	11030	11725	4438
61	Mon Oct 15 20:21:22 +0000 2018	0	0	0	0	0	0	0	0	0	0		Null	Null		0.0	NEU	0.1111111111111111	0.0	0.1111111111111111	0.2222222222222222	0.1111111111111111	0.2222222222222222	0.2222222222222222	0.1111111111111111	0.0	0.0	https://dailygalaxy.com/2018/10/stephen-hawking-predicted-race-of-superhumans-there-will-be-a-race-of-self-designing-beings/	4361	4179	2287
62	Mon Oct 15 20:32:43 +0000 2018	1	0	0	0	0	0	0	0	0	0		Null	Null		0.0	NEU	0.0	0.3333333333333333	0.0	0.3333333333333333	0.0	0.0	0.3333333333333333	0.0	0.0	0.0	None	307	1009	8658
63	Thu Oct 11 04:55:19 +0000 2018	1	0	0	0	0	0	0	0	0	0		Null	Null	@Startup365_fr	0.0	NEU	0.0	0.2	0.0	0.0	0.0	0.0	0.2	0.0	0.0	0.0	https://buff.ly/2RsO0a9	2977	4966	9636
64	Mon Oct 15 19:42:55 +0000 2018	1	0	0	0	0	0	0	0	0	0		Null	Null	Probolinggo jawa timur indonesia	0.8126	POS	0.0	0.0	0.0	0.0	0.16666666666666666	0.0	0.6666666666666666	0.0	0.0	0.0	None	2393	3009	902
65	Mon Oct 15 20:19:39 +0000 2018	1	0	0	0	0	0	0	1	0	0	#healthIT;#healthcare	Null	Null	Newton, MA	0.0	NEU	0.0	0.0	0.0	0.0	0.0	0.0	0.0	0.0	0.0	0.0	https://bit.ly/2IZ69sj	13634	3843	23396
66	Mon Oct 15 20:32:11 +0000 2018	1	0	0	0	0	0	0	0	0	0		Null	Null	Germany	0.0	NEU	0	0	0	0	0	0	0	0	0	0	None	1959	2378	8079
67	Thu Oct 11 04:24:49 +0000 2018	1	0	0	0	0	0	0	0	0	0		Null	Null	@Startup365_fr	0.0	NEU	0.0	0.2	0.0	0.0	0.0	0.0	0.2	0.0	0.0	0.0	https://buff.ly/2RsO0a9	2773	4977	9920
68	Mon Oct 15 20:19:18 +0000 2018	1	0	0	0	0	0	0	0	0	0		Null	Null	Boston, MA	0.6114	POS	0.0	0.2	0.0	0.0	0.2	0.0	0.2	0.0	0.0	0.0	None	743	1144	1582
69	Wed Oct 10 23:13:00 +0000 2018	0	0	1	0	0	0	1	0	0	0	#quantumcomputer;#Quantum;#quantum;Artificial	Null	Null		0.25	POS	0	0	0	0	0	0	0	0	0	0	http://bit.ly/2RGdj92	1499	1026	10586
70	Mon Oct 15 20:31:01 +0000 2018	0	0	0	0	0	0	0	1	0	0	#Digitalhealth;#DigitalHealth;digitalhealth	Null	Null		0.0	NEU	0	0	0	0	0	0	0	0	0	0	None	18	45	3
71	Mon Oct 15 20:16:00 +0000 2018	0	0	0	0	0	0	0	1	0	0	#healthIT;#healthcare	Null	Null	East Coast, USA	0.0	NEU	0.0	0.0	0.0	0.0	0.0	0.0	0.0	0.0	0.0	0.0	https://bit.ly/2IZ69sj	4334	251	1215
72	Mon Oct 15 19:32:54 +0000 2018	1	0	0	0	0	0	0	0	0	0		Null	Null	Беларусь	0.8126	POS	0.0	0.0	0.0	0.0	0.16666666666666666	0.0	0.6666666666666666	0.0	0.0	0.0	None	2181	4624	15685
73	Wed Oct 10 20:22:59 +0000 2018	1	0	0	0	0	0	0	0	0	0		Null	Null		0.0	NEU	0.0	0.2	0.0	0.0	0.0	0.0	0.2	0.0	0.0	0.0	https://buff.ly/2RsO0a9	1714	236	41439
74	Mon Oct 15 20:30:21 +0000 2018	1	0	0	0	0	0	0	0	0	0		Null	Null	Dublin	0.4588	POS	0.25	0.25	0.0	0.0	0.25	0.0	0.5	0.0	0.25	0.25	None	3398	959	14694
75	Mon Oct 15 20:15:23 +0000 2018	1	0	0	0	0	0	0	1	0	0	#Digitalhealth;#DigitalHealth;digitalhealth	Null	Null	Trumbull, CT	0.0	NEU	0.0	0.0	0.0	0.0	0.0	0.0	0.0	0.0	0.0	0.0	https://twitter.com/rtehrani/status/1051583562179325952	20715	22532	75946
76	Wed Oct 10 20:20:30 +0000 2018	0	0	1	0	0	0	0	0	0	0	#quantumcomputer;#Quantum;#quantum	Null	Null	Toulouse, France	0.0	NEU	0.0	0.1111111111111111	0.0	0.0	0.0	0.0	0.2222222222222222	0.0	0.0	0.0	https://buff.ly/2RsO0a9	2280	4884	10981
77	Mon Oct 15 20:30:00 +0000 2018	0	0	0	0	0	0	0	1	0	0	#Digitalhealth;#DigitalHealth;digitalhealth	Null	Null	United States	0.4404	POS	0.0	0.16666666666666666	0.0	0.0	0.16666666666666666	0.16666666666666666	0.6666666666666666	0.16666666666666666	0.0	0.0	http://spr.ly/6017DfazT	9808	2929	11335
78	Wed Oct 10 20:07:21 +0000 2018	0	0	1	0	0	0	0	0	0	0	#quantumcomputer;#Quantum;#quantum	Null	Null	@startup365_fr	0.0	NEU	0.0	0.1111111111111111	0.0	0.0	0.0	0.0	0.2222222222222222	0.0	0.0	0.0	https://buff.ly/2RsO0a9	2819	4847	13338
79	Mon Oct 15 20:29:41 +0000 2018	1	0	0	0	0	0	0	1	0	0	#healthtech;#Digitalhealth;#DigitalHealth;digitalhealth	Null	Null		0.7841	POS	0.0	0.0	0.0	0.0	0.4	0.0	0.6	0.0	0.0	0.0	None	138	212	3900
80	Mon Oct 15 20:14:32 +0000 2018	1	0	0	0	0	0	0	0	0	0		Null	Null		-0.3595	NEG	0.0	0.0	0.0	0.0	0.0	0.0	0.0	0.0	0.0	0.0	None	348	630	1097
81	Mon Oct 15 19:10:36 +0000 2018	1	0	0	0	0	0	1	0	1	0	#BigData;#blockchains;#blockchain;#Blockchain;Blockchain;#Blockchain	Null	Null		0.0	NEU	0	0	0	0	0	0	0	0	0	0	None	102	170	1146
82	Wed Oct 10 20:04:36 +0000 2018	0	0	1	0	0	0	0	0	0	0	#quantumcomputer;#Quantum;#quantum	Null	Null	@Startup365_fr	0.0	NEU	0.0	0.1111111111111111	0.0	0.0	0.0	0.0	0.2222222222222222	0.0	0.0	0.0	https://buff.ly/2RsO0a9	8546	9484	7678
83	Mon Oct 15 20:28:30 +0000 2018	1	0	0	0	0	0	0	0	0	0		Null	Null	Geneva, CH & Montreal, CA	0.5719	POS	0.0	0.6666666666666666	0.0	0.0	0.3333333333333333	0.0	0.6666666666666666	0.0	0.0	0.0	None	315	290	2269
84	Mon Oct 15 20:13:54 +0000 2018	1	0	0	0	0	0	0	0	0	0		Null	Null	Barcelona	-0.3595	NEG	0.0	0.0	0.0	0.0	0.0	0.0	0.0	0.0	0.0	0.0	None	2153	1191	8396
85	Mon Oct 15 19:01:05 +0000 2018	0	0	0	0	0	0	0	0	1	0	#blockchains;#blockchain;#Blockchain;Blockchain;#Blockchain	Null	Null	Bidart, France	0.5423	POS	0.0	0.0	0.0	0.0	0.14285714285714285	0.0	0.2857142857142857	0.0	0.0	0.0	http://bit.ly/2IYnly1;http://bit.ly/2Or8mTq	668	656	30633
86	Wed Oct 10 19:22:08 +0000 2018	0	0	1	0	0	0	0	0	0	0	#quantumcomputer;#Quantumcomputing;#quantumcomputing;#Quantum;#QuantumComputing;#quantum	Null	Null	San Antonio, TX	0.9168	POS	0.0	0.2	0.0	0.0	0.2	0.0	0.4	0.0	0.2	0.2	https://quantumexperience.ng.bluemix.net/qx/experience;https://youtu.be/JRIPV0dPAd4	1293	1587	750
87	Mon Oct 15 20:13:38 +0000 2018	1	0	0	0	0	0	0	0	0	0		Null	Null	Segovia, España	-0.3595	NEG	0.0	0.0	0.0	0.0	0.0	0.0	0.0	0.0	0.0	0.0	None	1543	430	43251
88	Mon Oct 15 19:00:11 +0000 2018	0	0	0	0	0	0	0	0	1	0	#blockchains;#blockchain;#Blockchain;Blockchain;#Blockchain	Null	Null	San Francisco, CA	0.5423	POS	0.0	0.0	0.0	0.0	0.14285714285714285	0.0	0.2857142857142857	0.0	0.0	0.0	https://okt.to/5KjW3C	5745	4311	12362
89	Mon Oct 15 20:28:18 +0000 2018	1	0	0	0	0	0	0	1	0	0	#Digitalhealth;#DigitalHealth;digitalhealth	Null	Null	ÜT: 42.446215,-71.134303	0.0	NEU	0.25	0.0	0.0	0.0	0.0	0.0	0.0	0.0	0.0	0.0	None	230	422	2604
90	Wed Oct 10 18:47:11 +0000 2018	1	0	0	0	0	0	0	0	0	0		Null	Null	Paris	0.0	NEU	0.0	0.2	0.0	0.0	0.0	0.0	0.2	0.0	0.0	0.0	https://buff.ly/2RsO0a9	585	462	12883
91	Mon Oct 15 20:12:50 +0000 2018	1	0	0	0	0	0	0	0	0	0		Null	Null	Granada, España	-0.3595	NEG	0.0	0.0	0.0	0.0	0.0	0.0	0.0	0.0	0.0	0.0	None	31456	30496	79236
92	Wed Oct 10 18:43:47 +0000 2018	1	0	0	0	0	0	0	0	0	0		Null	Null	Orléans, France	0.0	NEU	0.0	0.2	0.0	0.0	0.0	0.0	0.2	0.0	0.0	0.0	https://buff.ly/2RsO0a9	545	1550	88706
93	Mon Oct 15 20:11:26 +0000 2018	0	0	0	0	0	0	0	1	0	0	#Digitalhealth;#DigitalHealth;#healthcare;digitalhealth	Null	Null	España	-0.3595	NEG	0.0	0.0	0.0	0.0	0.0	0.0	0.0	0.0	0.0	0.0	None	2191	698	2979
94	Mon Oct 15 18:54:39 +0000 2018	1	0	0	0	0	0	0	0	1	0	#blockchains;#blockchain;#Blockchain;Blockchain;#Blockchain	Null	Null	Bay Area, CA	0.4574	POS	0.0	0.0	0.0	0.0	0.0	0.0	1.0	0.0	0.0	0.0	None	717	791	2164
95	Mon Oct 15 20:27:52 +0000 2018	1	0	0	0	0	0	0	1	0	0	#Digitalhealth;#DigitalHealth;digitalhealth	Null	Null	Blue Bell, PA	0.3818	POS	0.25	0.0	0.5	0.5	0.0	0.5	0.5	0.5	0.0	0.0	https://www.forbes.com/sites/johnnosta/2018/10/05/has-innovation-just-become-an-infectious-disease/#246957261043	35	8	1990
96	Mon Oct 15 20:10:13 +0000 2018	1	0	0	0	0	0	0	0	0	0		Null	Null	Boston & Barcelona	0.6114	POS	0.0	0.2	0.0	0.0	0.2	0.0	0.2	0.0	0.0	0.0	None	176	232	387
97	Wed Oct 10 18:42:04 +0000 2018	0	0	1	0	0	0	0	0	0	0	#quantumcomputer;#Quantum;#quantum	Null	Null	Startup 365	0.0	NEU	0.0	0.1111111111111111	0.0	0.0	0.0	0.0	0.2222222222222222	0.0	0.0	0.0	https://buff.ly/2RsO0a9	40305	44250	7391
98	Mon Oct 15 18:52:46 +0000 2018	1	0	0	0	0	0	0	0	1	0	#blockchains;#blockchain;#Blockchain;Blockchain;#Blockchain	Null	Null		0.0	NEU	0.0	1.0	0.0	0.0	0.0	0.0	1.0	0.0	0.0	0.0	None	83	54	932
99	Mon Oct 15 20:10:03 +0000 2018	0	0	0	0	0	0	0	0	0	0		Null	Null	London	0.1027	POS	0.2	0.0	0.2	0.2	0.0	0.2	0.2	0.2	0.0	0.0	https://goo.gl/U2dhG6	1612	1480	6763
